pwd,uphone
123456,12341
123456,12342
123456,12343
123456,12344
123456,12345
123456,12346
123456,12347
123456,12348
123456,12349
123456,123410
123456,123411
123456,123412
123456,123413
123456,123414
123456,123415
123456,123416
123456,123417
123456,123418
123456,123419
123456,123420
123456,123421
123456,123422
123456,123423
123456,123424
123456,123425
123456,123426
123456,123427
123456,123428
123456,123429
123456,123430
123456,123431
123456,123432
123456,123433
123456,123434
123456,123435
123456,123436
123456,123437
123456,123438
123456,123439
123456,123440
123456,123441
123456,123442
123456,123443
123456,123444
123456,123445
123456,123446
123456,123447
123456,123448
123456,123449
123456,123450
123456,123451
123456,123452
123456,123453
123456,123454
123456,123455
123456,123456
123456,123457
123456,123458
123456,123459
123456,123460
123456,123461
123456,123462
123456,123463
123456,123464
123456,123465
123456,123466
123456,123467
123456,123468
123456,123469
123456,123470
123456,123471
123456,123472
123456,123473
123456,123474
123456,123475
123456,123476
123456,123477
123456,123478
123456,123479
123456,123480
123456,123481
123456,123482
123456,123483
123456,123484
123456,123485
123456,123486
123456,123487
123456,123488
123456,123489
123456,123490
123456,123491
123456,123492
123456,123493
123456,123494
123456,123495
123456,123496
123456,123497
123456,123498
123456,123499
